<application>
  <component name="ProjectManager">
    <defaultProject>
      <component name="Encoding" addBOMForNewFiles="with NO BOM" />
      <component name="PhpDockerContainerSettings">
        <list>
          <map>
            <entry key="a566b960-eca1-440c-9197-04ab5e40405f">
              <value>
                <DockerContainerSettings>
                  <option name="version" value="1" />
                  <option name="volumeBindings">
                    <list>
                      <DockerVolumeBindingImpl>
                        <option name="containerPath" value="/opt/project" />
                      </DockerVolumeBindingImpl>
                    </list>
                  </option>
                </DockerContainerSettings>
              </value>
            </entry>
          </map>
        </list>
      </component>
      <component name="PhpWorkspaceProjectConfiguration" interpreter_name="slee1005/laradock_workspace:latest" />
      <component name="PropertiesComponent">
        <property name="nodejs_interpreter_path.stuck_in_default_project" value="undefined stuck path" />
        <property name="nodejs_npm_path_reset_for_default_project" value="true" />
        <property name="settings.editor.selected.configurable" value="com.microsoft.alm.plugin.idea.common.ui.settings.TeamServicesConfigurable" />
      </component>
    </defaultProject>
  </component>
</application>