<application>
  <component name="VSTSSettings">
    <option name="serverContexts">
      <array>
        <ServerContextState>
          <option name="type" value="VSO_DEPLOYMENT" />
          <option name="uri" value="https://app.vssps.visualstudio.com" />
          <option name="serverUri" value="https://app.vssps.visualstudio.com" />
          <option name="userId" value="46ef19ec-3ab2-4526-96b8-238254574352" />
          <option name="teamProjectCollectionReference" value="{&quot;id&quot;:null,&quot;name&quot;:null,&quot;url&quot;:null}" />
          <option name="teamProjectReference" value="{&quot;abbreviation&quot;:null,&quot;description&quot;:null,&quot;id&quot;:null,&quot;name&quot;:null,&quot;revision&quot;:0,&quot;state&quot;:null,&quot;url&quot;:null}" />
        </ServerContextState>
        <ServerContextState>
          <option name="type" value="VSO" />
          <option name="uri" value="https://unmit.visualstudio.com/coa-requests.unm.edu/_git/coa-requests.unm.edu" />
          <option name="serverUri" value="https://unmit.visualstudio.com" />
          <option name="userId" value="46ef19ec-3ab2-4526-96b8-238254574352" />
          <option name="teamProjectCollectionReference" value="{&quot;id&quot;:&quot;c7662d35-72bb-42de-afd7-d40f64fad508&quot;,&quot;name&quot;:&quot;UNMIT&quot;,&quot;url&quot;:&quot;https://unmit.visualstudio.com/_apis/projectCollections/c7662d35-72bb-42de-afd7-d40f64fad508&quot;}" />
          <option name="teamProjectReference" value="{&quot;abbreviation&quot;:null,&quot;description&quot;:&quot;Financial Services - Chart of Accounts Request Web Application\nFinancial services has a custom application that allows its users to submit requests to create chart of accounts.  This repository is the 2019 migration off of Oracle forms and into a web application.  This is a Laravel PHP project.&quot;,&quot;id&quot;:&quot;7a133128-4b18-4f2a-9868-ea217d483356&quot;,&quot;name&quot;:&quot;coa-requests.unm.edu&quot;,&quot;revision&quot;:1456,&quot;state&quot;:&quot;WELL_FORMED&quot;,&quot;url&quot;:&quot;https://unmit.visualstudio.com/_apis/projects/7a133128-4b18-4f2a-9868-ea217d483356&quot;}" />
          <option name="gitRepository" value="{&quot;defaultBranch&quot;:&quot;refs/heads/master&quot;,&quot;id&quot;:&quot;a11b4b1c-648a-42d2-bf7a-f3800d422a86&quot;,&quot;name&quot;:&quot;coa-requests.unm.edu&quot;,&quot;remoteUrl&quot;:&quot;https://unmit.visualstudio.com/coa-requests.unm.edu/_git/coa-requests.unm.edu&quot;,&quot;url&quot;:&quot;https://unmit.visualstudio.com/7a133128-4b18-4f2a-9868-ea217d483356/_apis/git/repositories/a11b4b1c-648a-42d2-bf7a-f3800d422a86&quot;,&quot;project&quot;:{&quot;abbreviation&quot;:null,&quot;description&quot;:&quot;Financial Services - Chart of Accounts Request Web Application\nFinancial services has a custom application that allows its users to submit requests to create chart of accounts.  This repository is the 2019 migration off of Oracle forms and into a web application.  This is a Laravel PHP project.&quot;,&quot;id&quot;:&quot;7a133128-4b18-4f2a-9868-ea217d483356&quot;,&quot;name&quot;:&quot;coa-requests.unm.edu&quot;,&quot;revision&quot;:1456,&quot;state&quot;:&quot;WELL_FORMED&quot;,&quot;url&quot;:&quot;https://unmit.visualstudio.com/_apis/projects/7a133128-4b18-4f2a-9868-ea217d483356&quot;},&quot;_links&quot;:null}" />
        </ServerContextState>
      </array>
    </option>
    <option name="properties">
      <array>
        <PropertyState>
          <option name="name" value="repoRoot" />
          <option name="value" value="$USER_HOME$/Documents/unm" />
        </PropertyState>
        <PropertyState>
          <option name="name" value="lastContextKey" />
          <option name="value" value="//app.vssps.visualstudio.com" />
        </PropertyState>
      </array>
    </option>
  </component>
</application>